locus_tag,gene_name
b2353,tfaS
b4584,rpnD
b3328,gspG
b1001,yccE
b2467,nudK
b3549,tag
b3641,slmA
b4665,ibsC
b0354,yaiL
b0881,clpS
b1525,sad
b1288,fabI
b3320,rplC
b0279,yagM
b2132,bglX
b3574,yiaJ
b1792,yeaO
b3850,hemG
b2149,mglA
b0801,hcxB
b0104,guaC
b1643,ydhI
b4516,insA-4
b2499,purM
b2725,hycA
b3752,rbsK
b2249,yfaY
b4511,ybdZ
b3321,rpsJ
b0768,ybhD
b2497,uraA
b0144,gluQ
b2300,yfcE
b0533,sfmH
b1844,exoX
b0010,satP
b4042,dgkA
b4322,uxuA
b0745,lysW
b3597,yibH
b3831,udp
b2423,cysW
b0028,fkpB
b4256,yjgM
b2647,ypjA
b0715,abrB
b1131,purB
b1927,amyA
b3961,oxyR
b1184,umuC
b1743,spy
b3883,yihV
b2676,nrdF
b1464,yddE
b1773,ydjI
b1717,rpmI
b0299,insF-1
b2427,murR
b2722,hycD
b2473,ypfH
b0805,fiu
b2892,recJ
b0140,yadV
b2170,setB
b2873,hyuA
b2476,purC
b3493,pitA
b0921,cmoM
b3714,adeP
b0779,uvrB
b3691,dgoT
b2684,mprA
b3612,gpmM
b1032,serX
b3061,ttdA
b4213,cpdB
b0589,fepG
b4066,yjcF
b3038,ygiC
b2069,yegD
b2312,purF
b3361,fic
b1380,ldhA
b1331,insH-4
b3690,cbrA
b2986,yghT
b2292,yfbS
b2406,xapB
b1749,xthA
b1860,ruvB
b0273,argF
b0331,prpB
b4062,soxS
b4003,zraS
b2235,nrdB
b3466,yhhL
b3555,yiaG
b4009,rrlE
b2770,ygcR
b3044,insC-5
b2557,purL
b0649,djlC
b1392,paaE
b3074,ygjH
b3415,gntT
b0859,rlmC
b4141,yjeH
b4346,mcrB
b3336,bfr
b4602,ynhF
b0746,valZ
b2541,hcaB
b0164,yaeI
b2719,hycG
b1156,tfaE
b0465,mscK
b3484,yhhI
b1253,yciA
b0477,gsk
b3401,hslO
b4245,pyrB
b4264,idnR
b2670,alaE
b3330,gspI
b3263,yhdU
b4044,dinF
b3884,yihW
b2624,alpA
b2945,endA
b0651,rihA
b1424,opgD
b0350,mhpD
b1339,abgR
b2304,yfcH
b4161,rsgA
b4709,insA9
b0675,umpH
b2955,yggW
b2731,fhlA
b4367,fhuF
b3239,yhcO
b0015,dnaJ
b2745,truD
b4296,yjhF
b2841,araE
b1729,tcyP
b2820,recB
b0153,fhuB
b3077,ebgC
b0203,alaV
b4533,ynfO
b4383,deoB
b0372,insF-2
b3424,glpG
b1207,prs
b2727,hypB
b4678,yoeI
b1056,yceI
b3448,yhhA
b1778,msrB
b0758,galT
b2013,yeeE
b3155,yhbQ
b4253,yjgL
b1350,recE
b0548,ninE
b2213,ada
b3417,malP
b2611,ypjD
b4006,purH
b2009,sbmC
b3956,ppc
b4203,rplI
b1062,pyrC
b1402,insD-2
b4387,ytjB
b2852,ygeH
b1020,phoH
b0939,elfD
b4121,yjdF
b3110,cyuP
b3599,mtlA
b0270,yagG
b0406,tgt
b0479,fsr
b0397,sbcC
b3905,rhaS
b0840,deoR
b4725,rseD
b1611,fumC
b0670,glnU
b1142,ymfH
b3444,insA-6
b0787,ybhM
b2171,yeiP
b2166,psuK
b4207,fklB
b3253,yhdH
b0220,ivy
b4031,xylE
b0847,ybjL
b3036,ygiA
b4401,arcA
b2509,xseA
b1374,pinR
b2699,recA
b2853,ygeI
b3764,maoP
b2780,pyrG
b3637,rpmB
b2914,rpiA
b2723,hycC
b0224,yafK
b3642,pyrE
b3144,yraJ
b1229,tpr
b1580,rspB
b4330,yjiH
b3903,rhaA
b3350,kefB
b3179,rlmE
b1092,fabD
b4350,hsdR
b0792,ybhR
b4464,ghxQ
b0688,pgm
b3277,ileU
b0520,ylbF
b1565,ydfV
b0171,pyrH
b0356,frmA
b0987,gfcA
b0021,insB-1
b4246,pyrL
b3552,yiaD
b2186,yejK
b1460,ydcC
b2094,gatA
b2389,yfeO
b0304,rclA
b0704,ybfC
b1564,relB
b0422,xseB
b2316,accD
b2349,intS
b0231,dinB
b2977,glcG
b3779,gpp
b3528,dctA
b0833,pdeI
b2720,hycF
b4702,mgtL
b0541,insF-3
b3298,rpsM
b2291,yfbR
b2840,ygeA
b4106,phnC
b2584,patZ
b3712,yieE
b0352,mhpE
b4599,mgtS
b3497,rsmJ
b0954,fabA
b2159,nfo
b1533,eamA
b2816,metV
b1395,paaH
b2445,yffN
b1034,ycdX
b2568,lepB
b3650,spoT
b4079,fdhF
b1433,ydcO
b1893,insB-5
b4244,pyrI
b1050,yceK
b1128,roxA
b2788,gudX
b3333,gspL
b3463,ftsE
b0185,accA
b4186,yjfC
b1728,ydjM
b3998,nfi
b0464,acrR
b4297,yjhG
b3242,aaeX
b2634,yfjR
b4004,zraR
b4055,aphA
b3180,yhbY
b1439,ydcR
b1448,mnaT
b3557,insJ
b0369,hemB
b3381,yhfX
b3228,sspB
b2126,btsS
b4460,araH
b1135,rluE
b4077,gltP
b1442,ydcU
b2775,yqcE
b1091,fabH
b3273,thrV
b2715,ascF
b2711,norW
b4307,yjhQ
b2819,recD
b0903,pflB
b3367,nirC
b1669,ydhT
b0322,yahH
b0475,hemH
b0982,etp
b1950,fliR
b4520,ymgF
b2925,fbaA
b2160,yeiI
b1304,pspA
b0437,clpP
b3431,glgX
b4249,bdcA
b1095,fabF
b2525,fdx
b0620,dpiA
b3851,rrsA
b1809,yoaB
b4122,fumB
b3025,qseB
b0582,insL-2
b3997,hemE
b1214,ychA
b3066,dnaG
b1621,malX
b2734,pphB
b2794,queF
b2372,yfdV
b2781,mazG
b0180,fabZ
b2477,bamC
b0793,ybhS
b2821,ptrA
b0749,lysQ
b3916,pfkA
b2710,norV
b1571,ydfA
b2724,hycB
b2176,pdeN
b1627,rsxA
b1996,insD-3
b1210,hemA
b4669,ilvX
b3259,prmA
b0089,ftsW
b2563,acpS
b1069,murJ
b3550,yiaC
b2704,srlB
b4300,sgcR
b2701,mltB
b1352,kilR
b3125,garR
b2823,ppdC
b2456,eutN
b3844,fre
b3062,ttdB
b3986,rplL
b2125,btsR
b4273,insD-6
b3804,hemD
b4185,yjfM
b3506,slp
b2236,yfaE
b0040,caiT
b3056,cca
b3457,livH
b3579,yiaO
b1538,dcp
b1661,cfa
b0245,ykfI
b1628,rsxB
b2895,fldB
b3947,ptsA
b2691,argQ
b2769,ygcQ
b3734,atpA
b4041,plsB
b4731,ykiC
b1783,yeaG
b3519,treF
b0057,yabQ
b1766,sppA
b3396,mrcA
b2966,yqgA
b3256,accC
b0551,ybcQ
b1530,marR
b0699,ybfA
b1418,cybB
b2091,gatD
b2953,yggU
b3732,atpD
b3936,rpmE
b0282,yagP
b3820,yigI
b0265,insA-2
b1581,rspA
b3867,hemN
b2976,glcB
b4379,yjjW
b2607,trmD
b1828,yebQ
b3475,acpT
b2923,argO
b0176,rseP
b1006,rutG
b0664,glnX
b0612,citT
b1145,ymfK
b4051,qorA
b0633,rlpA
b3733,atpG
b4748,ynfT
b1399,paaX
b1517,lsrF
b1858,znuC
b0737,tolQ
b4210,ytfF
b3933,ftsN
b1066,rimJ
b1356,racR
b2088,insE-5
b4017,arpA
b3158,yhbU
b4523,yciX
b1591,dmsD
b2581,yfiF
b3106,yhaK
b3469,zntA
b2975,glcA
b2609,rpsP
b1536,ydeI
b4284,insI-3
b2330,prmB
b2400,gltX
b1595,ynfL
b1537,ydeJ
b0503,selU
b1443,ydcV
b4020,yjbB
b4214,cysQ
b4358,lgoD
b4108,yjdM
b4174,hflK
b4369,leuP
b2218,rcsC
b4123,dcuB
b3028,mdaB
b1545,pinQ
b2327,yfcA
b2543,yphA
b3411,rpnA
b3805,hemC
b3731,atpC
b0024,yaaY
b0570,cusS
b3722,bglF
b0001,thrL
b1731,cedA
b0970,yccA
b4655,ythA
b3335,gspO
b1093,fabG
b1130,phoP
b1568,ydfX
b2802,fucI
b0684,fldA
b3380,yhfW
b2158,yeiH
b1217,chaB
b4135,yjdC
b1972,msrQ
b3736,atpF
b2326,epmC
b0342,lacA
b3971,rrfB
b3890,yiiF
b2964,nupG
b0154,hemL
b2322,yfcJ
b2517,rlmN
b4134,pheU
b0867,amiD
b1613,manA
b4397,creA
b2996,hybA
b4184,yjfL
b3739,atpI
b0298,insE-1
b0966,hspQ
b2753,iap
b2436,hemF
b1101,ptsG
b0095,ftsZ
b2352,yfdI
b3474,yhhT
b0565,ompT
b4730,yahV
b2323,fabB
b3421,rtcB
b3481,nikR
b2448,yffQ
b2707,srlR
b3738,atpB
b4097,phnK
b3538,bcsG
b3293,yhdN
b1027,insE-4
b2309,hisJ
b3278,rrsD
b1490,dosC
b4118,melR
b2556,glrK
b3368,cysG
b1435,rlhA
b4183,yjfK
b2553,glnB
b1770,ydjF
b3178,ftsH
b1629,rsxC
b0738,tolR
b1231,tyrT
b0756,galM
b3818,yigG
b3453,ugpB
b2394,insL-3
b0142,folK
b3018,plsC
b3737,atpE
b0876,ybjD
b0905,ycaO
b0315,pdeL
b4084,alsK
b2638,yfjU
b1645,ydhK
b0958,sulA
b4747,yneP
b1192,ldcA
b0839,dacC
b3647,ligB
b3422,rtcR
b0150,fhuA
b4473,smf
b4094,phnN
b3567,xylG
b0056,yabP
b3735,atpH
b1343,dbpA
b4295,yjhU
b2982,insH-9
b3058,folB
b3529,pdeK
b1445,ortT
b3206,npr
b3525,pdeH
b3128,garD
b0377,sbmA
b3146,rsmI
b0819,ldtB
b2546,yphD
b0932,pepN
b0384,psiF
b3886,yihY
b4324,uxuR
b1984,asnW
b1941,fliI
b1307,pspD
b4112,basS
b1196,ycgY
b1865,nudB
b4373,rimI
b4603,rseX
b1200,dhaK
b2817,amiC
b3323,gspA
b4406,yaeP
b1347,rcbA
b1113,ldtC
b3932,hslV
b1827,kdgR
b1618,uidR
b1576,ydfD
b0399,phoB
b3602,yibL
b4522,ymiA
b1612,fumA
b3301,rplO
b4710,insB9
b0440,hupB
b1096,pabC
b2962,yggX
b1868,yecE
b1944,fliL
b1212,prmC
b1194,ycgR
b3132,kbaZ
b2378,lpxP
b2592,clpB
b3740,rsmG
b0925,ldtD
b1255,yciC
b2348,argW
b3092,uxaC
b0267,yagA
b3524,yhjG
b3657,yicJ
b0361,insD-1
b1276,acnA
b1812,pabB
b1454,yncG
b3724,phoU
b1625,cnu
b1968,hprS
b0115,aceF
b1176,minC
b3819,rarD
b0327,yahM
b4293,fecI
b1678,ldtE
b1830,prc
b1759,nudG
b1737,chbC
b4101,phnG
b0248,yafX
b4622,ytcA
b0913,ycaI
b0720,gltA
b3703,rpmH
b2561,yfhH
b3218,insH-10
b2153,folE
b4506,ykgO
b2570,rseC
b3871,bipA
b1710,btuE
b1507,hipA
b3064,tsaD
b2175,mepS
b3103,yhaH
b2801,fucP
b2523,pepB
b4008,gltV
b0344,lacZ
b4098,phnJ
b0276,yagJ
b4675,yoaJ
b0727,sucB
b0569,nfrB
b3177,folP
b1427,rimL
b4616,istR
b2835,lplT
b1819,manZ
b0083,ftsL
b1673,ydhV
b0868,ybjS
b2010,dacD
b0020,nhaR
b0555,rrrD
b2494,bepA
b3749,rbsA
b0383,phoA
b4729,ykgV
b4707,esrE
b0730,mngR
b3314,rpsC
b2248,yfaX
b0016,insL-1
b4676,yoaK
b3360,pabA
b3826,yigL
b2072,pphC
b1120,cobB
b3104,yhaI
b3667,uhpC
b3606,trmL
b0174,ispU
b3911,cpxA
b4513,kdpF
b3364,tsgA
b3174,leuU
b3907,rhaT
b1148,ymfM
b0540,insE-3
b2200,ccmB
b1806,yeaY
b0726,sucA
b0103,coaE
b2501,ppk
b0618,citC
b1821,mntP
b0922,mukF
b4090,rpiB
b1180,ycgM
b1655,mepH
b1272,sohB
b2531,iscR
b1359,ydaU
b4087,alsA
b3728,pstS
b0310,ykgH
b3316,rpsS
b1299,puuR
b4746,yddY
b1404,insI-2
b0729,sucD
b3634,coaD
b1971,msrP
b0168,map
b3580,lyxK
b0969,tusE
b3615,waaH
b1990,ldtA
b3609,secB
b0240,crl
b0979,appB
b2963,mltC
b4102,phnF
b3094,exuR
b1549,ydfO
b2189,proL
b0600,ybdL
b1136,icd
b0131,panD
b3859,srkA
b2901,bglA
b1930,yedF
b3326,gspE
b2099,yegU
b3232,zapE
b0453,ybaY
b1446,ydcY
b0813,rhtA
b2405,xapR
b4175,hflC
b2357,yfdN
b0869,ybjT
b1388,paaA
b0728,sucC
b4010,rrfE
b1111,comR
b4613,dinQ
b3639,dfp
b4226,ppa
b2181,yejG
b0835,rimO
b4262,lptG
b2386,fryC
b2302,yfcG
b1870,cmoA
b3842,rfaH
b4148,gdx
b0098,secA
b0885,aat
b2623,yfjH
b3374,frlD
b4099,phnI
b2408,yfeN
b4321,gntP
b2674,nrdI
b0744,valT
b4586,ykfM
b3974,coaA
b3386,rpe
b1671,ydhX
b1104,ycfL
b0632,dacA
b1293,sapB
b4046,zur
b2643,yfjX
b0062,araA
b0324,yahJ
b4096,phnL
b0321,yahG
b1462,yddH
b2667,ygaV
b0201,rrsH
b3287,def
b4137,cutA
b0978,appC
b1734,chbF
b0964,yccT
b0133,panC
b4328,iadA
b3202,rpoN
b3659,setC
b3344,tusC
b3450,ugpC
b0759,galE
b1706,ydiU
b2003,yeeT
b0489,qmcA
b2767,ygcO
b0425,panE
b2897,sdhE
b1722,ydiY
b2692,argZ
b4143,groL
b1796,yoaG
b3226,nanR
b0439,lon
b4120,melB
b4092,phnP
b0560,nohD
b0865,ybjP
b1816,yoaE
b4032,malG
b2399,yfeD
b2784,relA
b3825,pldB
b0134,panB
b2332,yfcO
b2306,hisP
b0601,ybdM
b2216,rcsD
b2078,baeS
b1496,yddA
b3498,prlC
b0641,lptE
b4171,miaA
b0806,mcbA
b2864,glyU
b0252,yafZ
b1521,uxaB
b2502,ppx
b3748,rbsD
b2256,arnD
b3653,gltS
b2872,ygeY
b2462,eutS
b3407,yhgF
b1337,abgB
b4407,thiS
b2663,gabP
b3865,yihA
b3408,feoA
b1838,pphA
b1280,lapB
b2085,yegR
b0909,ycaL
b0313,betI
b3882,yihU
b1177,ycgJ
b3821,pldA
b2505,yfgH
b3304,rplR
b1588,ynfF
b3676,yidH
b0877,ybjX
b0290,ecpD
b4237,nrdG
b0423,thiI
b2911,ssrS
b0459,maa
b0636,rlmH
b1216,chaA
b0054,lptD
b0237,pepD
b2211,yojI
b4270,leuX
b3588,aldB
b0936,ssuA
b2792,yqcC
b0558,ybcV
b2671,ygaC
b3079,ygjJ
b2374,frc
b0815,opgE
b2103,thiD
b0852,rimK
b2388,glk
b2390,ypeC
b3163,nlpI
b4544,arnE
b2457,eutM
b3198,kdsC
b3235,degS
b1151,beeE
b3292,zntR
b0271,yagH
b4100,phnH
b1436,yncJ
b2516,rodZ
b1434,sutR
b0326,yahL
b1108,ycfP
b3530,bcsC
b0980,appA
b3993,thiE
b2301,yfcF
b3026,qseC
b4200,rpsF
b1391,paaD
b3915,fieF
b2140,dusC
b1326,mpaA
b2077,mdtD
b1279,lapA
b1365,ynaK
b2984,yghR
b3725,pstB
b3378,yhfU
b1172,ymgG
b2540,hcaC
b3990,thiH
b0521,ybcF
b4196,ulaD
b2106,rcnA
b2070,yegI
b1048,opgG
b2174,lpxT
b0971,serT
b3456,livM
b0094,ftsA
b2739,ygbM
b0882,clpA
b0506,allR
b0349,mhpC
b1552,cspI
b1670,ydhU
b0167,glnD
b0410,yajD
b3023,ygiV
b2576,srmB
b1587,ynfE
b1760,ynjH
b1463,nhoA
b0006,yaaA
b1703,ppsR
b0139,htrE
b0061,araD
b2393,nupC
b0420,dxs
b2324,mnmC
b0789,clsB
b0496,ybbP
b3847,pepQ
b3076,ebgA
b2002,yeeS
b3496,dtpB
b1010,rutC
b3156,yhbS
b1666,valW
b1590,ynfH
b1453,ansP
b3802,hemY
b2466,ypfG
b0614,citX
b2151,galS
b0635,mrdA
b1603,pntA
b1106,thiK
b1090,plsX
b4063,soxR
b4021,pepE
b2870,ygeW
b1788,yoaI
b3037,ygiB
b4037,malM
b2829,ptsP
b3592,yibF
b3854,rrlA
b2360,yfdQ
b3889,yiiE
b1750,ydjX
b4215,ytfI
b1203,ychF
b2340,sixA
b3477,nikB
b2148,mglC
b4166,queG
b0262,afuC
b0764,modB
b2430,yfeW
b3288,fmt
b1444,patD
b2627,abpB
b0760,modF
b3906,rhaR
b3059,plsY
b1338,abgA
b3399,yrfG
b0957,ompA
b4325,yjiC
b2230,yfaA
b2620,smpB
b3564,xylB
b3816,corA
b3017,ftsP
b4517,gnsA
b0066,thiQ
b0438,clpX
b3050,yqiJ
b2898,ygfZ
b2646,ypjF
b1531,marA
b2081,yegQ
b2935,tktA
b3073,patA
b3322,gspB
b3186,rplU
b1589,ynfG
b0189,rof
b2807,ygdD
b1820,yobD
b3024,ygiW
b1235,rssB
b3167,rbfA
b0836,bssR
b1660,ydhC
b1046,clsC
b3902,rhaD
b3063,ttdT
b0818,ybiR
b4036,lamB
b3212,gltB
b1989,asnV
b4392,slt
b2426,ucpA
b4045,yjbJ
b4216,ytfJ
b0501,ybbD
b1630,rsxD
b4223,yzfA
b0735,ybgE
b0955,ycbZ
b3369,yhfL
b2037,rfbX
b2054,wcaF
b1574,dicF
b1198,dhaM
b0613,citG
b3501,arsR
b3994,thiC
b2622,intA
b2813,mltA
b0873,hcp
b1639,mliC
b2377,yfdY
b0732,mngB
b1518,lsrG
b0580,ybdJ
b2266,elaB
b1477,yddM
b1205,ychH
b1060,bssS
b3502,arsB
b2058,wcaB
b2949,yqgF
b0334,prpD
b2741,rpoS
b4337,mdtM
b0211,mltD
b4483,tatD
b2944,yggI
b4164,glyX
b1394,paaG
b3655,yicH
b1009,rutD
b2380,ypdA
b3348,slyX
b1289,ycjD
b2269,elaD
b1206,dauA
b2787,gudD
b0093,ftsQ
b2061,wzb
b0544,ybcK
b1787,yeaK
b3991,thiG
b1845,ptrB
b4267,idnD
b2689,yqaA
b1012,rutA
b2916,argP
b2317,dedA
b3920,yiiQ
b3315,rplV
b3009,yghB
b3082,higA
b1810,yoaC
b3031,yqiA
b2506,yfgI
b3168,infB
b1499,ydeO
b2413,cysZ
b2539,hcaF
b0598,cstA
b2051,gmm
b1292,sapC
b2404,lysV
b1900,araG
b2119,yehL
b0949,uup
b1100,ycfH
b1539,ydfG
b3095,yqjA
b1211,prfA
b2595,bamD
b2716,ascB
b3921,yiiR
b0086,murF
b2046,wzxC
b0417,thiL
b2043,wcaM
b3234,degQ
b4280,yjhC
b3405,ompR
b1500,safA
b2863,ygeQ
b1850,eda
b3536,bcsE
b1988,nac
b0042,fixB
b2848,yqeJ
b2909,ygfB
b1659,ydhB
b2793,syd
b0318,yahD
b3203,hpf
b3230,rpsI
b2015,yeeY
b3428,glgP
b1663,mdtK
b2047,wcaJ
b1455,yncH
b1829,htpX
b0883,serW
b0161,degP
b3418,malT
b1008,rutE
b1555,ydfR
b1915,yecF
b1705,ydiE
b2924,mscS
b0041,fixA
b1234,rssA
b3922,yiiS
b4221,tamB
b3590,selB
b3188,sfsB
b0946,zapC
b1674,ydhY
b0446,cof
b4030,psiE
b2057,wcaC
b2558,mltF
b3214,gltF
b2703,srlE
b3053,glnE
b2005,cbtA
b4514,ybfQ
b3033,yqiB
b3170,rimP
b3518,ccp
b0375,iprA
b2959,yggL
b4352,yjiA
b1836,yebV
b4081,mdtO
b3124,garK
b4356,lgoT
b4375,prfC
b1712,ihfA
b2060,wzc
b0832,gsiD
b4069,acs
b2815,metW
b1011,rutB
b2363,yfdT
b4679,yohP
b4592,appX
b3147,lpoA
b3611,yibN
b1252,tonB
b0172,frr
b0645,ybeR
b3909,kdgT
b2155,cirA
b2100,yegV
b2045,wcaK
b3464,ftsY
b3284,smg
b2104,thiM
b4260,pepA
b1642,slyA
b0564,appY
b0450,glnK
b4268,idnK
b3353,yheT
b1423,ydcJ
b1696,ydiP
b3275,rrlD
b2985,yghS
b2912,fau
b3980,tufB
b2433,yfeZ
b3988,rpoC
b0657,lnt
b2055,wcaE
b1127,pepT
b1047,opgC
b3276,alaU
b3693,dgoK
b4683,yqeL
b1748,astC
b4336,yjiN
b1159,mcrA
b1843,yobB
b2749,ygbE
b0191,arfB
b3040,zupT
b0514,glxK
b4463,ygcU
b0068,thiB
b3129,prlF
b2059,wcaA
b3888,yiiD
b1193,emtA
b0694,kdpE
b0411,tsx
b1398,paaK
b3870,glnA
b4400,creD
b4251,bdcR
b3027,ygiZ
b2511,der
b0456,ybaA
b0884,infA
b2843,kduI
b4080,mdtP
b0461,tomB
b2875,yqeB
b3194,mlaE
b2079,baeR
b2050,wcaI
b0069,sgrR
b1983,yeeN
b3912,cpxR
b0914,msbA
b4310,nanM
b0216,aspV
b4528,rzoR
b3213,gltD
b4735,ybgU
b0660,ybeZ
b1251,yciI
b4590,ybfK
b1186,nhaB
b2569,lepA
b4664,ibsD
b3721,bglB
b0751,pnuC
b3928,zapB
b3992,thiF
b3087,ygjR
b2044,wcaL
b2188,yejM
b3264,envR
b2908,pepP
b0259,insH-1
b2800,fucA
b4263,yjgR
b4093,phnO
b0917,ycaR
b3305,rplF
b4000,hupA
b4048,yjbM
b3190,ibaG
b0376,ampH
b1204,pth
b4667,ibsA
b0511,ybbW
b3383,yhfZ
b2587,kgtP
b4639,yeeH
b0316,yahB
b3429,glgA
b1485,ddpC
b0413,nrdR
b3931,hslU
b3852,ileT
b0547,ybcN
b0403,malZ
b1007,rutF
b1179,ycgL
b4752,yecU
b0449,mdlB
b4674,ynbG
b3591,selA
b2896,ygfX
b0850,ybjC
b0871,poxB
b3409,feoB
b2748,ftsB
b0421,ispA
b4107,yjdN
b0363,yaiP
b3584,yiaT
b3438,gntR
b2385,ypdF
b1141,xisE
b4012,yjaB
b2706,gutM
b2752,cysD
b1522,dgcF
b0716,ybgO
b0603,ybdO
b2259,pmrD
b3039,ygiD
b2185,rplY
b2744,umpG
b4147,efp
b4138,dcuA
b4329,yjiG
b1162,bluR
b1054,lpxL
b1733,chbG
b3430,glgC
b4187,aidB
b0666,metU
b1616,uidB
b1631,rsxG
b0223,yafJ
b1919,dcyD
b1355,ydaG
b1762,ynjI
b4734,yldA
b1585,ynfC
b3662,nepI
b4666,ibsE
b0145,dksA
b3953,frwD
b0890,ftsK
b3811,xerC
b1208,ispE
b1419,ydcA
b3432,glgB
b1003,yccJ
b1373,tfaR
b1739,osmE
b3898,frvX
b2764,cysJ
b0800,ybiB
b1840,yebZ
b3553,ghrB
b1677,lpp
b1799,dmlR
b2225,yfaP
b1430,tehB
b3439,yhhW
b3339,tufA
b4668,ibsB
b4088,alsB
b4569,yhcE
b1540,ydfH
b0841,ybjG
b3049,glgS
b2105,rcnR
b3531,bcsZ
b1880,flhB
b3976,thrU
b4323,uxuB
b1560,ydfU
b1498,ydeN
b0458,ylaC
b2293,hxpA
b3478,nikC
b4751,yoaL
b3148,yraN
b4391,ettA
b1511,lsrK
b1199,dhaL
b4220,tamA
b2742,nlpD
b0173,dxr
b4589,ylcI
b1594,mlc
b0797,rhlE
b0535,fimZ
b2779,eno
b3862,yihG
b3678,yidJ
b2082,ogrK
b2544,yphB
b4169,amiB
b3130,yhaV
b1929,yedE
b1282,yciH
b3563,yiaB
b3262,yhdJ
b4082,mdtN
b3012,dkgA
b0027,lspA
b0959,sxy
b2381,ypdB
b1363,trkG
b4025,pgi
b0748,lysZ
b2169,fruB
b2750,cysC
b2444,yffM
b0991,ymcE
b2846,yqeH
b2796,sdaC
b0217,yafT
b2144,sanA
b1718,infC
b4559,ghoT
b0114,aceE
b1602,pntB
b3183,obgE
b1686,menI
b4677,yobI
b4440,ryfA
b2633,yfjQ
b3897,frvR
b1676,pykF
b1738,chbB
b0933,ssuB
b2172,yeiQ
b2314,dedD
b2435,amiA
b4532,hicA
b1273,yciN
b4455,hokA
b2891,prfB
b4217,ytfK
b1065,mdtH
b2799,fucO
b1237,hns
b0357,frmR
b2097,fbaB
b2740,ygbN
b2396,alaX
b0343,lacY
b4306,yjhP
b1757,ynjE
b4469,ygiQ
b1295,ymjA
b4359,opgB
b0989,cspH
b0919,ycbJ
b0637,rsfS
b4687,shoB
b3827,bioP
b3843,ubiD
b4733,ylcJ
b0528,ybcJ
b1779,gapA
b0435,bolA
b4398,creB
b1818,manY
b1570,dicA
b2416,ptsI
b3573,ysaA
b2763,cysI
b0736,ybgC
b4445,omrB
b0088,murD
b1672,ydhW
b3215,yhcA
b0233,yafO
b4414,tff
b0170,tsf
b3963,fabR
b3668,uhpB
b4420,rdlA
b1855,lpxM
b1854,pykA
b0339,cynT
b3291,mscL
b0668,glnW
b0394,mak
b2425,cysP
b1158,pinE
b1491,yddW
b3221,yhcH
b2313,cvpA
b1287,yciW
b2325,yfcL
b3486,rbbA
b3719,yieL
b3042,ubiK
b1174,minE
b0340,cynS
b1562,hokD
b4116,adiY
b4750,ynfS
b0113,pdhR
b4433,sdsR
b4086,alsC
b0937,ssuE
b0599,hcxA
b3121,yhaC
b0433,ampG
b1506,yneL
b2830,rppH
b3354,yheU
b3663,yicN
b1182,hlyE
b4550,arfA
b3575,yiaK
b1486,ddpB
b4395,ytjC
b4429,sokB
b3680,yidL
b0480,ushA
b3173,yhbX
b3093,exuT
b3917,sbp
b1725,yniA
b3069,ileX
b1353,sieB
b3472,dcrB
b3196,yrbG
b1472,yddL
b3675,yidG
b3340,fusA
b3569,xylR
b2515,ispG
b2795,ppnN
b0213,yafS
b4701,sokX
b0080,cra
b2289,lrhA
b4501,torI
b1387,paaZ
b4534,ynfP
b2522,sseB
b1209,lolB
b0090,murG
b4162,orn
b4380,yjjI
b2012,yeeD
b4419,ldrA
b0097,secM
b2095,gatZ
b1632,rsxE
b3515,gadW
b4413,sokC
b2042,galF
b3785,wzzE
b2926,pgk
b4474,frlC
b2814,metZ
b1680,sufS
b4257,yjgN
b0268,yagE
b1877,yecT
b2365,dsdX
b1687,ydiJ
b0005,yaaX
b0659,ybeY
b4478,dgoD
b0627,tatE
b2263,menH
b0102,zapD
b0380,yaiZ
b3962,sthA
b3919,tpiA
b3556,cspA
b4585,chiX
b0550,rusA
b4670,yjeV
b1415,aldA
b4444,omrA
b2422,cysA
b0702,ybfB
b0381,ddlA
b1122,ymfA
b2124,yehS
b4428,hokB
b2972,pppA
b0198,metI
b1735,chbR
b2163,yeiL
b4424,rdlC
b1918,tcyL
b1638,pdxH
b3761,trpT
b2804,fucU
b4354,btsT
b0755,gpmA
b2762,cysH
b2226,yfaQ
b1144,ymfJ
b3689,yidR
b0572,cusC
b1869,yecN
b1742,ves
b2610,ffh
b4033,malF
b0014,dnaK
b0070,setA
b2906,ubiI
b0767,pgl
b2418,pdxK
b0965,yccU
b4418,sraB
b4480,hdfR
b1544,ydfK
b4732,ykiD
b4001,yjaH
b4119,melA
b1987,cbl
b3730,glmU
b1563,relE
b3548,yhjY
b2432,yfeY
b2392,mntH
b1714,pheS
b3750,rbsC
b3521,yhjC
b1636,pdxY
b4422,rdlB
b2751,cysN
b1617,uidA
b2187,yejL
b0226,dinJ
b2504,yfgG
b2694,argV
b1567,ydfW
b2145,yeiS
b0930,asnS
b0842,mdfA
b4199,yjfY
b0891,lolA
b1185,dsbB
b3838,tatB
b1268,yciQ
b0662,ubiF
b1236,galU
b0149,mrcB
b0121,speE
b2351,yfdH
b3576,yiaL
b0935,ssuD
b1013,rutR
b1862,yebB
b1782,mipA
b4749,ynfR
b3881,yihT
b0680,glnS
b4412,hokC
b4261,lptF
b4128,ghoS
b3601,mtlR
b3375,frlR
b4577,sgrS
b1584,speG
b3184,yhbE
b3849,trkH
b2811,csdE
b2447,yffP
b2956,yggM
b2778,ygcG
b3583,sgbE
b2490,hyfJ
b3757,gltU
b1492,gadC
b3384,trpS
b3661,nlpA
b3137,kbaY
b3596,yibG
b2470,acrD
b3247,rng
b2889,idi
b2938,speA
b4450,arcZ
b1471,yddK
b2637,yfjT
b0566,envY
b3801,aslA
b4527,ydaF
b0187,yaeR
b4431,rprA
b0269,yagF
b4423,ldrC
b3729,glmS
b3362,yhfG
b4515,cydX
b3559,glyS
b0952,pqiC
b2771,ygcS
b1390,paaC
b0416,nusB
b0120,speD
b4155,epmA
b0862,artQ
b3798,leuT
b1306,pspC
b2537,hcaR
b2899,yqfA
b4083,yjcS
b1634,dtpA
b1715,pheM
b0364,yaiS
b2776,ygcE
b3792,wzxE
b4089,alsR
b2910,zapA
b0462,acrB
b1685,ydiH
b4430,rydB
b1323,tyrR
b1558,cspF
b3187,ispB
b0347,mhpA
b2988,gss
b4700,sokE
b0379,yaiY
b2673,nrdH
b3189,murA
b1248,yciU
b4438,cyaR
b4686,yshB
b0018,mokC
b0642,leuS
b1833,yebS
b0064,araC
b0887,cydD
b1914,uvrY
b2965,speC
b4146,epmB
b3664,adeQ
b4487,yjdP
b3151,yraQ
b3545,proK
b2417,crr
b2582,trxC
b0247,ykfG
b1981,shiA
b2887,ygfT
b1793,yoaF
b2114,metG
b3193,mlaD
b2837,galR
b0084,ftsI
b3836,tatA
b3834,ubiJ
b1837,yebW
b2937,speB
b3357,crp
b0272,xynR
b0147,thpR
b0960,yccS
b1064,grxB
b0426,yajQ
b4035,malK
b4437,sibB
b2927,epd
b3208,mtgA
b2618,yfjF
b0225,yafQ
b2682,ygaZ
b1876,argS
b2150,mglB
b2735,ygbI
b3673,emrD
b2464,talA
b3485,yhhJ
b3083,higB
b3753,rbsR
b1230,tyrV
b3446,yrhB
b3781,trxA
b0753,ybgS
b0554,essD
b3562,yiaA
b2463,maeB
b3113,tdcF
b2732,ygbA
b0194,proS
b0402,proY
b3565,xylA
b0924,mukB
b3839,tatC
b2746,ispF
b0460,hha
b4416,rybA
b0008,talB
b1147,ymfL
b4239,treC
b2102,yegX
b3610,grxC
b0961,yccF
b3403,pck
b1228,ychS
b0087,mraY
b4611,sibE
b3858,yihD
b3192,mlaC
b4453,ldrD
b1049,opgH
b3900,frvA
b0526,cysS
b4178,nsrR
b3032,cpdA
b0312,betB
b1429,tehA
b2465,tktB
b0849,grxA
b1358,ydaT
b0122,yacC
b1213,ychQ
b1910,cysT
b1059,solA
b1702,ppsA
b3199,lptC
b0802,ybiJ
b3434,yhgN
b0795,ybhG
b1097,mltG
b1719,thrS
b3514,mdtF
b0029,ispH
b0118,acnB
b2871,ygeX
b1547,ydfN
b2434,ypeA
b4624,ryjB
b2661,gabD
b1654,grxD
b1614,ydgA
b0731,mngA
b2930,yggF
b1103,hinT
b0644,ybeQ
b0358,yaiO
b2619,ratA
b4427,micC
b3176,glmM
b4218,ytfL
b3560,glyQ
b0333,prpC
b2130,yehY
b2572,rseA
b1316,ycjT
b3765,yifB
b2662,gabT
b2128,yehW
b2693,argY
b1393,paaF
b1057,yceJ
b4342,yjiT
b3351,kefG
b3747,kup
b2356,yfdM
b1784,yeaH
b4258,valS
b1383,ydbL
b3462,ftsX
b0587,fepE
b0878,macA
b3918,cdh
b4039,ubiC
b2542,hcaD
b2774,ygcW
b2664,csiR
b2319,usg
b3656,yicI
b2450,yffS
b1878,flhE
b2197,ccmE
b2173,yeiR
b1932,yedL
b2288,nuoA
b4266,idnO
b0123,cueO
b1839,yebY
b4421,ldrB
b0710,ybgI
b0091,murC
b0951,pqiB
b0026,ileS
b4699,fnrS
b0351,mhpF
b1469,narU
b4292,fecR
b0742,cpoB
b0993,torS
b2201,ccmA
b1901,araF
b3978,glyT
b1242,ychE
b2942,metK
b2331,smrB
b2642,yfjW
b4211,qorB
b4341,yjiS
b1408,ynbA
b0106,hofC
b3523,yhjE
b2998,yghW
b0766,ybhA
b4129,lysU
b3075,ebgR
b1916,sdiA
b1051,msyB
b2886,ygfS
b0896,dmsC
b0880,cspD
b3290,trkA
b2239,glpQ
b1548,nohA
b2147,preA
b3587,yiaW
b0124,gcd
b0901,ycaK
b2747,ispD
b2649,ypjB
b3925,glpX
b0110,ampD
b1094,acpP
b4454,rdlD
b1067,yceH
b0606,ahpF
b1592,clcB
b2697,alaS
b3539,yhjV
b0926,ycbK
b3416,malQ
b1524,glsB
b3987,rpoB
b3945,gldA
b0101,yacG
b0976,hyaE
b2307,hisM
b3600,mtlD
b0404,acpH
b0672,leuW
b1303,pspF
b2876,yqeC
b2136,yohD
b0046,kefF
b3638,yicR
b3944,yijF
b4232,fbp
b0146,sfsA
b2109,yehB
b1713,pheT
b3677,yidI
b2412,zipA
b0574,cusB
b0825,fsaA
b3107,yhaL
b1468,narZ
b3926,glpK
b0596,entA
b4449,sraG
b2295,yfbV
b0250,ykfB
b0476,aes
b3255,accB
b0527,ybcI
b2245,yfaU
b3425,glpE
b0524,lpxH
b0119,yacL
b4456,glmZ
b3447,ggt
b1181,ycgN
b1324,tpx
b1866,aspS
b2696,csrA
b2554,glrR
b2346,mlaA
b4231,yjfF
b1461,pptA
b4662,sgrT
b3449,ugpQ
b2284,nuoF
b0478,ybaL
b3658,selC
b0278,yagL
b3904,rhaB
b2115,yehF
b3086,ygjQ
b1033,ghrA
b1215,kdsA
b2883,guaD
b0920,elyC
b3674,yidF
b0682,chiQ
b0328,yahN
b0893,serS
b2943,galP
b2614,grpE
b3513,mdtE
b3427,yzgL
b3952,pflC
b2690,yqaB
b0597,entH
b4459,ryjA
b3507,dctR
b3608,gpsA
b0557,borD
b2093,gatB
b1254,yciB
b4558,yifL
b3619,rfaD
b2210,mqo
b1479,maeA
b0031,dapB
b3864,spf
b1527,yneK
b3191,mlaB
b1583,ynfB
b1637,tyrS
b3543,dppB
b4113,basR
b2209,eco
b1309,ycjM
b0963,mgsA
b2285,nuoE
b4477,dgoA
b0733,cydA
b0509,glxR
b2252,ais
b0798,ybiA
b1150,ymfR
b1665,valV
b3141,agaI
b2032,wbbK
b1904,yecR
b3547,yhjX
b0573,cusF
b1397,paaJ
b1039,csgE
b3614,yibQ
b2514,hisS
b0593,entC
b0700,rhsC
b0436,tig
b2669,stpA
b1872,torZ
b1781,yeaE
b4472,yhdP
b3337,bfd
b1361,ydaW
b2789,gudP
b0200,gmhB
b1396,paaI
b1777,yeaC
b3100,yqjK
b4436,sibA
b3594,yibA
b3972,murB
b3503,arsC
b0481,ybaK
b3241,aaeA
b4309,nanS
b3954,yijO
b0734,cydB
b3397,nudE
b0927,gloC
b3866,yihI
b4154,frdA
b0396,araJ
b3269,yhdX
b1551,ynfN
b4126,yjdI
b0897,ycaC
b1986,asnU
b0222,lpcA
b0886,cydC
b1928,yedD
b2798,ygdG
b0950,pqiA
b2134,pbpG
b0434,yajG
b2890,lysS
b2714,ascG
b0785,moaE
b3034,nudF
b1771,ydjG
b4417,rybB
b0502,ylbG
b2001,yeeR
b2728,hypC
b4334,yjiL
b4722,idlP
b2167,fruA
b1132,hflD
b2708,gutQ
b4608,ohsC
b2328,mepA
b2120,yehM
b1841,yobA
b1635,gstA
b1501,ydeP
b1961,dcm
b3705,yidC
b2029,gnd
b3270,yhdY
b0305,rclR
b4566,topAI
b2481,hyfA
b0212,gloB
b1911,glyW
b0595,entB
b4504,ykfH
b2359,yfdP
b3197,kdsD
b4333,yjiK
b1622,malY
b0157,yadS
b1426,ydcH
b4461,yfjD
b1342,zntB
b4348,hsdS
b1723,pfkB
b3150,yraP
b2152,yeiB
b0761,modE
b2995,hybB
b1651,gloA
b2626,yfjJ
b1166,ariR
b2705,srlD
b4425,rttR
b1004,wrbA
b0918,kdsB
b4426,mcaS
b4609,ryfD
b0915,lpxK
b0906,ycaP
b2294,yfbU
b1732,katE
b4351,mrr
b1834,yebT
b1852,zwf
b0583,entD
b1040,csgD
b0232,yafN
b1896,otsA
b3224,nanT
b4073,nrfD
b0207,dkgB
b3546,eptB
b0743,lysT
b4596,yciZ
b2645,yfjZ
b3715,yieH
b3391,hofQ
b3542,dppC
b0445,ybaE
b1604,ydgH
b3950,frwB
b4349,hsdM
b3410,feoC
b1856,mepM
b0808,ybiO
b0765,modC
b1317,ycjU
b2281,nuoI
b4435,isrC
b1921,fliZ
b2458,eutD
b0537,intD
b3052,rfaE
b3646,yicG
b3526,kdgK
b4056,yjbQ
b0457,pdeB
b3393,hofO
b2273,yfbN
b2036,glf
b2636,yfjS
b4698,mgrR
b2683,ygaH
b3713,yieF
b1335,ogt
b2096,gatY
b0177,bamA
b1526,yneJ
b3413,yhgH
b0773,ybhB
b1002,agp
b2484,hyfD
b1105,lpoB
b0740,tolB
b2297,pta
b2034,wbbI
b2695,serV
b0107,hofB
b4684,yqfG
b0341,cynX
b3207,yrbL
b0790,ybhP
b2137,yohF
b4594,ymgJ
b0484,copA
b4159,mscM
b0621,dcuC
b0009,mog
b1624,ydgJ
b1175,minD
b3437,gntK
b2033,wbbJ
b4151,frdD
b4690,eyeA
b2847,yqeI
b0568,nfrA
b0786,ybhL
b4403,yjtD
b2253,arnB
b3392,hofP
b1400,paaY
b4150,ampC
b4452,gadY
b2865,ygeR
b1931,yedK
b4362,dnaT
b4394,yjjX
b3240,aaeB
b2980,glcC
b1116,lolC
b4299,yjhI
b3395,hofM
b1197,treA
b1045,ymdB
b2264,menD
b2403,valY
b3161,mtr
b1154,ycfK
b4366,bglJ
b4738,ymgK
b2257,arnT
b1962,yedJ
b4192,ulaG
b1336,abgT
b4671,ykgR
b1233,ychJ
b0393,rdgC
b3126,garL
b0577,ybdG
b0784,moaD
b3388,damX
b3901,rhaM
b0193,yaeF
b1897,otsB
b1476,fdnI
b3755,yieP
b0254,perR
b2220,atoC
b2255,arnA
b0983,gfcE
b3499,rlmJ
b4442,micA
b0085,murE
b4502,yeiW
b4715,ytiA
b3265,acrE
b1727,hxpB
b1610,tus
b1508,hipB
b1514,lsrC
b3136,agaS
b1695,ydiO
b4241,treR
b2991,hybF
b3806,cyaA
b3258,panF
b3853,alaT
b0622,pagP
b2224,atoB
b0281,intF
b4692,oweE
b3394,hofN
b4755,yqhI
b4737,ymdG
b0594,entE
b1044,ymdA
b3030,parE
b1330,ynaI
b3613,envC
b3440,yhhX
b1699,ydiS
b3857,mobA
b0137,yadL
b4076,nrfG
b4432,ryeA
b0888,trxB
b4365,yjjQ
b0563,tfaX
b3081,fadH
b2254,arnC
b1340,smrA
b4720,ytiC
b4026,yjbE
b4384,deoD
b1724,ydiZ
b4451,ryhB
b3935,priA
b3051,yqiK
b4233,mpl
b0418,pgpA
b3887,dtd
b1519,tam
b2342,fadI
b3204,ptsN
b3300,secY
b2278,nuoL
b0206,aspU
b1284,yciT
b3845,fadA
b2329,aroC
b1155,tfaP
b0288,ykgJ
b2420,yfeS
b4754,yqfI
b4029,yjbH
b0260,mmuP
b1187,fadR
b1037,csgG
b4206,ytfB
b0763,modA
b2371,yfdE
b0184,dnaE
b1322,ycjF
b4691,sroH
b2929,fumE
b2487,hyfG
b1368,ynaA
b0335,prpE
b2601,aroF
b1641,slyB
b0482,ybaP
b1021,pgaD
b4446,sibC
b3182,dacB
b1063,yceB
b4157,yjeN
b0286,paoA
b3700,recF
b2219,atoS
b1657,ydhP
b1608,rstA
b2165,psuG
b3581,sgbH
b4188,yjfN
b1985,yeeO
b3797,hisR
b2243,glpC
b1554,rrrQ
b0443,fadM
b1692,ydiB
b0689,ybfP
b3338,chiA
b1440,ydcS
b0619,dpiB
b0788,ybhN
b0234,yafP
b4372,holD
b1259,yciG
b2222,atoA
b4311,nanC
b4361,dnaC
b4593,ymgI
b0826,moeB
b2919,scpB
b4457,csrC
b0846,rcdA
b1227,narI
b1795,yeaQ
b0984,gfcD
b1698,ydiR
b3249,mreD
b0092,ddlB
b3389,aroB
b4625,symR
b3233,yhcB
b0130,yadE
b2004,cbeA
b2107,rcnB
b1694,ydiF
b2409,yfeR
b2678,proW
b3778,rep
b2687,luxS
b0578,nfsB
b2362,yfdS
b2469,narQ
b0673,metT
b2341,fadJ
b1085,yceQ
b1376,uspF
b3281,aroE
b0408,secD
b4028,yjbG
b0879,macB
b3488,yhiJ
b0608,ybdR
b0892,rarA
b0330,prpR
b4142,groS
b4197,ulaE
b4663,azuC
b0996,torC
b2398,yfeC
b2629,yfjM
b0782,moaB
b2344,fadL
b0388,aroL
b3342,rpsL
b1644,ydhJ
b3533,bcsA
b3967,murI
b1970,yedX
b0329,yahO
b4447,sibD
b3356,yhfA
b2154,yeiG
b3019,parC
b3981,secE
b3105,yhaJ
b1805,fadD
b1907,tyrP
b1917,tcyN
b2552,hmp
b3979,thrT
b0353,mhpT
b0908,aroA
b4277,yjgZ
b2203,napB
b1321,ycjX
b1797,yeaR
b1023,pgaB
b1118,lolE
b1195,ymgE
b1029,ycdU
b2221,atoD
b0956,matP
b2496,hda
b2922,yggE
b0615,citF
b4736,yliM
b2206,napA
b1480,sra
b0783,moaC
b1348,ralR
b3746,ravA
b1693,aroD
b1697,ydiQ
b1978,yeeJ
b1675,fumD
b2373,oxc
b3250,mreC
b2519,pbpC
b0712,pxpC
b1133,mnmA
b4110,yjcZ
b3452,ugpA
b4340,yjiR
b4301,sgcE
b1701,fadK
b3387,dam
b2265,menF
b2845,yqeG
b1441,ydcT
b2168,fruK
b1700,ydiT
b3390,aroK
b0747,lysY
b4510,rzoD
b2375,yfdX
b4027,yjbF
b1314,ycjR
b2583,yfiP
b1381,ydbH
b0467,priC
b0221,fadE
b3149,diaA
b2755,cas1
b3470,tusA
b1325,ycjG
b4753,yqfH
b0543,emrE
b2491,hyfR
b3346,yheO
b0204,rrlH
b0258,ykfC
b0348,mhpB
b4570,lomR
b2736,ygbJ
b0386,proC
b2672,ygaM
b0013,yaaI
b4314,fimA
b3532,bcsB
b3289,rsmB
b3001,gpr
b4259,holC
b1406,pdxI
b3846,fadB
b3711,yidZ
b2917,scpA
b2882,xanQ
b3654,xanP
b0972,hyaA
b1513,lsrA
b2397,alaW
b0346,mhpR
b0546,ybcM
b0242,proB
b1751,ydjY
b2880,ygfM
b1505,ydeT
b2824,ygdB
b1515,lsrD
b1022,pgaC
b2566,era
b0923,mukE
b2904,gcvH
b3701,dnaN
b2303,folX
b2877,mocA
b0227,yafL
b1465,narV
b3983,rplK
b1138,ymfE
b0610,rnk
b0243,proA
b2879,ssnA
b0138,yadM
b0807,rlmF
b1308,pspE
b1847,yebF
b4303,sgcQ
b3822,recQ
b3708,tnaA
b0605,ahpC
b1386,tynA
b3622,waaL
b3879,yihR
b3520,yhjB
b3195,mlaF
b2261,menC
b3227,dcuD
b0665,glnV
b1346,xisR
b3454,livF
b3098,yqjD
b1952,dsrB
b0907,serC
b1278,pgpB
b1842,holE
b1730,ydjO
b1575,dicB
b0803,ybiI
b2758,casC
b1189,dadA
b2874,yqeA
b3894,fdoG
b4572,ylbE
b3302,rpmD
b0827,moeA
b3021,mqsA
b1372,stfR
b4388,serB
b2335,yfcR
b0602,ybdN
b3803,hemX
b1708,nlpC
b2532,trmJ
b0470,dnaX
b0192,nlpE
b0706,ybfD
b1294,sapA
b0447,decR
b2164,psuT
b2842,kduD
b2547,yphE
b3480,nikE
b0336,codB
b0202,ileV
b1559,ydfT
b1690,ydiM
b3280,yrdB
b1332,ynaJ
b2272,yfbM
b2913,serA
b3939,metB
b4109,crfC
b0687,seqA
b2989,yghU
b0992,yccM
b0781,moaA
b1042,csgA
b0824,ybiY
b2056,wcaD
b3244,tldD
b2310,argT
b3165,rpsO
b3097,yqjC
b4317,fimD
b3697,yidA
b1825,yebO
b3696,yidX
b3651,trmH
b0947,ycbX
b3863,polA
b2797,sdaB
b2198,ccmD
b0504,allS
b1619,hdhA
b4125,dcuS
b0820,ybiT
b3171,metY
b2182,bcr
b2478,dapA
b2443,yffL
b2535,csiE
b1948,fliP
b4149,blc
b4160,psd
b2851,ygeG
b2271,yfbL
b4052,dnaB
b1384,feaR
b0508,hyi
b2615,nadK
b1313,ycjQ
b3243,aaeR
b0895,dmsB
b3855,rrfA
b2632,yfjP
b2472,dapE
b1258,yciF
b3508,yhiD
b0195,trmO
b3043,ygiL
b4023,yjbD
b3817,yigF
b3441,yhhY
b4201,priB
b3577,yiaM
b1767,ansA
b1328,pgrR
b0127,yadG
b4298,yjhH
b0007,yaaJ
b0975,hyaD
b3966,btuB
b4024,lysC
b0244,thrW
b2832,ygdQ
b0065,yabI
b2074,mdtA
b1071,flgM
b2534,yfhR
b0640,holA
b2017,yefM
b1502,ydeQ
b3937,yiiX
b2700,pncC
b1014,putA
b1467,narY
b0617,citD
b0741,pal
b3756,rrsC
b3279,yrdA
b0002,thrA
b1494,pqqL
b0567,ybcH
b3145,yraK
b0111,ampE
b2903,gcvP
b4335,yjiM
b2480,bcp
b4485,ytfR
b2277,nuoM
b2593,pgeF
b2577,yfiE
b0463,acrA
b2941,yqgD
b0536,argU
b1846,yebE
b3359,argD
b1887,cheW
b0409,secF
b0967,rlmI
b1561,rem
b2809,ygdI
b3652,recG
b1746,astD
b0647,ybeT
b1726,yniB
b3951,pflD
b0338,cynR
b1740,nadE
b3310,rplN
b0814,ompX
b0166,dapD
b1244,oppB
b3644,yicC
b4061,pdeC
b4319,fimG
b2791,truC
b1523,yneG
b3586,yiaV
b0285,paoB
b1099,holB
b4130,dtpC
b0928,aspC
b2014,plaP
b1484,ddpD
b1650,nemA
b2286,nuoC
b3969,gltT
b4588,ylcH
b2838,lysA
b2709,norR
b3160,yhbW
b0391,ppnP
b4355,tsr
b3451,ugpE
b2940,yqgC
b1875,yecM
b3118,tdcA
b4539,yoeB
b1633,nth
b1906,yecH
b3878,yihQ
b4390,nadR
b3636,rpmG
b0261,mmuM
b3940,metL
b1478,adhP
b4145,yjeJ
b0962,helD
b0163,yaeH
b0530,sfmA
b3965,trmA
b3085,ygjP
b1656,sodB
b2958,yggN
b1290,sapF
b2580,ung
b2738,ygbL
b1334,fnr
b3585,yiaU
b0311,betA
b2161,nupX
b3201,lptB
b4370,leuQ
b0549,ybcO
b3433,asd
b4127,yjdJ
b2067,dgcE
b0643,ybeL
b2888,uacT
b3159,yhbV
b0209,yafD
b0454,atl
b3114,tdcE
b0639,nadD
b2267,elaA
b0126,can
b0169,rpsB
b2726,hypA
b1143,ymfI
b1247,oppF
b3209,elbB
b3809,dapF
b2894,xerD
b0135,yadC
b4168,tsaE
b4557,yidD
b4581,ybeM
b0711,pxpB
b0714,nei
b2366,dsdA
b2112,yehE
b2180,yejF
b0654,gltJ
b2571,rseB
b2920,scpC
b3366,nirD
b4115,adiC
b2839,lysR
b2967,pheV
b1375,ynaE
b1088,yceD
b1943,fliK
b2156,lysP
b3830,ysgA
b2586,yfiM
b3616,tdh
b2565,recO
b1329,mppA
b2574,nadB
b2510,yfgJ
b2579,grcA
b1566,flxA
b4054,tyrB
b4377,yjjU
b4724,ynfQ
b0990,cspG
b4198,ulaF
b0942,ycbU
b2946,rsmE
b4202,rpsR
b0821,ybiU
b4170,mutL
b3540,dppF
b3370,frlA
b2495,yfgD
b3924,fpr
b4484,cpxP
b3352,yheS
b4072,nrfC
b4476,gntU
b2350,yfdG
b2600,tyrA
b4482,yigE
b0219,yafV
b1586,ynfD
b1891,flhC
b3977,tyrU
b2411,ligA
b2686,emrB
b1055,yceA
b3617,kbl
b4224,chpS
b1768,pncA
b0045,yaaU
b0616,citE
b2790,yqcA
b2282,nuoH
b4443,gcvB
b3274,rrfD
b1653,lhr
b2599,pheA
b0518,fdrA
b2446,yffO
b2111,yehD
b1413,hrpA
b4718,gadF
b2229,yfaT
b3687,ibpA
b1407,ydbD
b1863,ruvC
b3707,tnaC
b3266,acrF
b3512,gadE
b4331,kptA
b0794,ybhF
b1529,marC
b2483,hyfC
b2635,ypjK
b1457,ydcD
b2652,ileY
b0823,ybiW
b2987,pitB
b1938,fliF
b3157,yhbT
b2961,mutY
b4402,yjjY
b2905,gcvT
b0296,ykgM
b1528,ydeA
b2757,casD
b3679,yidK
b0109,nadC
b2902,ygfF
b1569,dicC
b1163,bluF
b2591,rrsG
b1495,yddB
b3400,hslR
b4152,frdC
b4053,alr
b0515,allE
b1503,ydeR
b1018,efeO
b3084,rlmG
b4536,yobH
b4415,hokE
b0838,gstB
b0709,dtpD
b3385,gph
b2921,ygfI
b3005,exbD
b0451,amtB
b1117,lolD
b2730,hypE
b0512,allB
b1447,ydcZ
b1072,flgA
b3796,argX
b2379,alaC
b0586,entF
b0513,ybbY
b4542,yohO
b3989,yjaZ
b3068,mug
b1658,purR
b1305,pspB
b0471,ybaB
b4219,msrA
b0517,allD
b3955,eptC
b3152,yraR
b0750,nadA
b1572,ydfB
b1475,fdnH
b4173,hflX
b0686,ybfF
b3929,rraA
b3153,yhbO
b3770,ilvE
b1667,ydhR
b0136,yadK
b3741,mnmG
b4553,ysaB
b0442,ybaV
b4470,cyuA
b1960,vsr
b2808,gcvA
b0810,glnP
b4136,dsbD
b0505,allA
b0199,metN
b4191,ulaR
b2993,hybD
b2590,gltW
b1557,cspB
b3006,exbB
b2290,alaA
b1808,yoaA
b1220,ychO
b2258,arnF
b1271,yciK
b4568,ytjA
b2212,alkB
b0931,pncB
b1745,astB
b0762,acrZ
b2760,casA
b3578,yiaN
b0516,allC
b3808,yzcX
b4075,nrfF
b3294,rplQ
b1831,proQ
b4060,yjcB
b0246,yafW
b3686,ibpB
b2334,yfcQ
b2073,yegL
b4535,yniD
b1086,rluC
b3572,avtA
b0658,ybeX
b2068,alkA
b0769,ybhH
b0674,asnB
b4156,yjeM
b1483,ddpF
b2810,csdA
b4368,leuV
b3699,gyrB
b1646,sodC
b2279,nuoK
b0863,artI
b0698,kdpA
b0552,insH-2
b4545,ypdJ
b2431,yfeX
b1926,fliT
b4490,efeU
b3329,gspH
b2123,yehR
b4541,yehK
b0472,recR
b2761,cas3
b0693,speF
b2936,loiP
b2688,gshA
b0389,yaiA
b2486,hyfF
b0314,betT
b3303,rpsE
b4719,sdsN
b2555,qseG
b3869,glnL
b4316,fimC
b2768,ygcP
b2806,rlmM
b4139,aspA
b1146,ymfT
b1482,osmC
b4551,yheV
b0968,yccX
b2080,yegP
b1291,sapD
b0697,kdpB
b0653,gltK
b3295,rpoA
b0495,ybbA
b1232,purU
b1191,cvrA
b2242,glpB
b3799,proM
b3942,katG
b0811,glnH
b1357,ydaS
b4610,ygdT
b2948,yqgE
b1075,flgD
b2008,yeeA
b3468,yhhN
b2733,mutS
b4567,yjjZ
b4471,tdcG
b2783,mazE
b1285,pdeR
b3404,envZ
b2947,gshB
b4378,yjjV
b0048,folA
b4713,agrB
b1225,narH
b3065,rpsU
b3096,mzrA
b1546,tfaQ
b0809,glnQ
b0148,hrpB
b2679,proX
b0497,rhsD
b0719,ybgD
b4529,ydbJ
b1267,yciO
b0899,ycaM
b4167,nnr
b4289,fecC
b3544,dppA
b0708,phr
b3941,metF
b0058,rluA
b1756,ynjD
b1763,topB
b1615,uidC
b2262,menB
b1543,ydfJ
b2354,yfdK
b4689,rzoQ
b2401,valU
b0845,ybjJ
b3102,yqjG
b1785,cdgI
b4537,yecJ
b1219,ychN
b3868,glnG
b1991,cobT
b3119,tdcR
b4439,micF
b3923,uspD
b3645,dinD
b0529,folD
b3964,yijD
b4712,agrA
b4408,csrB
b0378,yaiW
b2449,yffR
b2233,yfaL
b3142,yraH
b0205,rrfH
b1908,yecA
b4411,ecnB
b1835,rsmF
b1626,ydgK
b3635,mutM
b3959,argB
b4546,ypeB
b3541,dppD
b0997,torA
b1596,ynfM
b0284,paoC
b0696,kdpC
b2369,evgA
b2129,yehX
b2827,thyA
b1912,pgsA
b0323,yahI
b0055,djlA
b2202,napC
b4741,ymiC
b4034,malE
b2368,emrK
b4525,ymjC
b4555,yicS
b3379,php
b1351,racC
b2551,glyA
b4389,radA
b0466,ybaM
b0561,tfaD
b1246,oppD
b1992,cobS
b0934,ssuC
b3716,cbrB
b2205,napG
b0266,yagB
b1606,folM
b2621,ssrA
b1160,iraM
b3237,argR
b4601,ydgU
b4538,yoeF
b4360,yjjA
b2952,yggT
b4318,fimF
b3343,tusB
b4620,yjbT
b1794,dgcP
b3908,sodA
b1755,ynjC
b1296,puuP
b2479,gcvR
b2831,mutH
b2315,folC
b0900,ycaN
b0156,erpA
b4714,ralA
b0033,carB
b1691,ydiN
b4181,yjfI
b0249,ykfF
b3271,yhdZ
b3332,gspK
b1535,dgcZ
b2364,dsdC
b4605,ypaB
b1497,ydeM
b4598,yncL
b1043,csgC
b2503,pdeF
b1223,narK
b2122,yehQ
b0638,cobC
b4014,aceB
b2489,hyfI
b3317,rplB
b3745,viaA
b0277,yagK
b0864,artP
b1283,osmB
b2918,argK
b0051,rsmA
b0293,ecpA
b1955,yedP
b3910,yiiM
b1114,mfd
b3726,pstA
b3455,livG
b1599,mdtI
b4015,aceA
b0829,gsiA
b2240,glpT
b1512,lsrR
b2585,pssA
b2743,pcm
b2818,argA
b0307,ykgF
b3054,ygiF
b0556,rzpD
b4002,zraP
b1078,flgG
b4688,ykgS
b1190,dadX
b4409,blr
b1270,btuR
b2782,mazF
b4018,iclR
b4095,phnM
b3205,rapZ
b1149,ymfN
b4723,ymcF
b3467,yhhM
b0860,artJ
b4410,ecnA
b1221,narL
b1716,rplT
b3873,yihM
b2785,rlmD
b2825,ppdB
b2343,yfcZ
b0355,frmB
b0486,ybaT
b2101,yegW
b4016,aceK
b2076,mdtC
b2992,hybE
b1775,ydjK
b2193,narP
b0197,metQ
b2075,mdtB
b4078,yjcO
b4254,argI
b1038,csgF
b0791,ybhQ
b4740,ymgM
b1360,ydaV
b0576,pheP
b4252,tabA
b2603,yfiR
b2756,casE
b3727,pstC
b1867,yecD
b1993,cobU
b1119,nagK
b3893,fdoH
b4637,uof
b0032,carA
b0190,yaeQ
b3522,yhjD
b2665,kbp
b3306,rpsH
b4049,dusA
b2666,yqaE
b0941,elfG
b0713,pxpA
b0861,artM
b2098,yegT
b1550,gnsB
b2685,emrA
b3010,yqhC
b2428,murQ
b1310,ycjN
b3479,nikD
b0292,ecpB
b1164,ycgZ
b3957,argE
b1924,fliD
b2000,flu
b4757,ysdD
b2617,bamE
b2950,yggR
b1744,astE
b1709,btuD
b0059,rapA
b3510,hdeA
b1107,nagZ
b0995,torR
b2608,rimM
b2358,yfdO
b1976,mtfA
b2677,proV
b0772,ybhC
b3958,argC
b0493,ybbO
b3355,prkB
b2108,yehA
b3048,yqiI
b0188,tilS
b2878,ygfK
b2957,ansB
b3795,yifK
b1249,clsA
b2492,focB
b1640,anmK
b3261,fis
b2177,yejA
b4124,dcuR
b1053,mdtG
b2336,yfcS
b3172,argG
b2625,yfjI
b1411,ynbD
b4680,ypdK
b3402,yhgE
b0306,ykgE
b1082,flgK
b0382,iraP
b1814,sdaA
b2759,casB
b0628,lipA
b3057,bacA
b0038,caiB
b3134,agaW
b4604,yojO
b0894,dmsA
b3758,rrlC
b2644,yfjY
b3960,argH
b0822,ybiV
b4376,osmY
b1041,csgB
b4705,mntS
b0044,fixX
b4475,rtcA
b2933,cmtA
b3500,gor
b1250,kch
b0912,ihfB
b0401,brnQ
b3874,yihN
b1487,ddpA
b0974,hyaC
b3793,wzyE
b4172,hfq
b0525,ppiB
b0870,ltaE
b1598,ydgD
b1081,flgJ
b0634,mrdB
b0780,ybhK
b1747,astA
b1112,bhsA
b4050,pspG
b4672,ymiB
b4386,lplA
b0036,caiD
b4067,actP
b1222,narX
b0953,rmf
b4326,iraD
b1140,intE
b0986,gfcB
b3491,yhiM
b3743,asnC
b0108,ppdD
b4133,cadC
b3090,ygjV
b0291,ecpC
b3133,agaV
b0405,queA
b0043,fixC
b0981,etk
b0208,yafC
b2194,ccmH
b0158,btuF
b2713,hydN
b0067,thiP
b0531,sfmC
b1772,ydjH
b0253,ykfA
b3744,asnA
b0579,ybdF
b3334,gspM
b1161,ycgX
b3117,tdcB
b1884,cheR
b2754,cas2
b0630,lipB
b3495,uspA
b2308,hisQ
b4739,ymgL
b0039,caiA
b3308,rplE
b0280,yagN
b2598,pheL
b2533,suhB
b3930,menA
b0866,ybjQ
b0287,yagU
b2333,yfcP
b1431,ydcL
b1257,yciE
b3260,dusB
b3782,rhoL
b4467,glcF
b4194,ulaB
b4065,yjcE
b3471,yhhQ
b0828,iaaA
b1857,znuA
b2717,hycI
b1534,ydeE
b2287,nuoB
b0754,aroG
b0559,ybcW
b1974,yodB
b1068,yceM
b1379,hslJ
b1601,tqsA
b1421,trg
b2460,eutQ
b2564,pdxJ
b1489,dosP
b0575,cusA
b1245,oppC
b2979,glcD
b4441,glmY
b3309,rplX
b0994,torT
b4756,yqiD
b1153,ymfQ
b4019,metH
b2237,inaA
b1452,yncE
b1664,ydhQ
b4312,fimB
b3257,yhdT
b2594,rluD
b4193,ulaA
b1125,potB
b0507,gcl
b3210,arcB
b2179,yejE
b1201,dhaR
b3891,fdhE
b4227,ytfQ
b4064,ghxP
b2893,dsbC
b1366,ydaY
b4013,metA
b2299,yfcD
b1689,ydiL
b3047,yqiH
b1410,ynbC
b3494,uspB
b0034,caiF
b0607,uspG
b1942,fliJ
b2320,pdxB
b4242,mgtA
b4468,glcE
b0295,ykgL
b1087,yceF
b0977,hyaF
b3297,rpsK
b4225,chpB
b1553,rzpQ
b3829,metE
b1803,yeaX
b1815,pdeD
b1824,yobF
b0661,miaB
b0141,yadN
b3618,htrL
b0128,yadH
b0692,potE
b3222,nanK
b2382,ypdC
b4132,cadB
b3020,ygiS
b0581,ybdK
b2934,cmtB
b3365,nirB
b2178,yejB
b0998,torD
b3828,metR
b2250,yfaZ
b4364,yjjP
b1881,cheZ
b1973,zinT
b1542,ydfI
b0367,tauC
b2562,yfhL
b1889,motB
b0052,pdxA
b0771,ybhJ
b3078,ygjI
b0678,nagB
b4070,nrfA
b2146,preT
b3299,rpmJ
b1707,ydiV
b3551,bisC
b2361,yfdR
b2475,ypfJ
b2007,yeeX
b4117,adiA
b2339,yfcV
b2530,iscS
b4304,sgcC
b0855,potG
b4144,yjeI
b4071,nrfB
b2424,cysU
b3175,secG
b3225,nanA
b0646,djlB
b2628,abpA
b3008,metC
b2849,yqeK
b4230,ytfT
b2131,osmF
b1937,fliE
b2777,queE
b4363,yjjB
b1758,ynjF
b4327,hypT
b3718,yieK
b1940,fliH
b4682,yqcG
b1302,puuE
b3131,agaR
b1813,nudL
b2367,emrY
b0872,hcr
b2283,nuoG
b3252,csrD
b1121,ycfZ
b2589,rrlG
b1139,lit
b3938,metJ
b2419,yfeK
b2939,yqgB
b2968,yghD
b3570,bax
b4371,rsmC
b4313,fimE
b3139,agaC
b1301,puuB
b3649,rpoZ
b1711,btuC
b0677,nagA
b2321,flk
b1754,ynjB
b2251,nudI
b1873,torY
b0117,yacH
b3347,fkpA
b2022,hisB
b1349,recT
b4466,yghJ
b0081,mraZ
b2578,eamB
b2604,dgcN
b1963,yedR
b3398,igaA
b2439,eutL
b1080,flgI
b1949,fliQ
b0676,nagC
b0025,ribF
b1327,ycjY
b3946,fsaB
b4716,cpxQ
b4153,frdB
b3985,rplJ
b4509,ylcG
b2025,hisF
b2766,ygcN
b3154,yhbP
b3238,yhcN
b0534,sfmF
b4353,yjiX
b2383,fryA
b0035,caiE
b1473,yddG
b1764,selD
b2048,cpsG
b3223,nanE
b3684,yidP
b2548,yphF
b1134,nudJ
b2729,hypD
b4208,cycA
b3775,ppiC
b2026,hisI
b0256,insI-1
b2928,yggC
b1070,flgN
b3219,yhcF
b2275,yfbP
b1798,leuE
b3251,mreB
b3072,aer
b2453,eutG
b2859,ygeO
b2217,rcsB
b0415,ribE
b4238,nrdD
b1382,ynbE
b3080,ygjK
b1474,fdnG
b3312,rpmC
b4255,rraB
b0545,ybcL
b4465,yggP
b2024,hisA
b3382,yhfY
b4320,fimH
b2559,tadA
b3517,gadA
b0494,tesA
b0129,yadI
b0875,aqpZ
b2052,fcl
b0099,mutT
b2459,eutT
b3516,gadX
b3589,yiaY
b2994,hybC
b0830,gsiB
b1958,yedI
b0717,ybgP
b2020,hisD
b4248,yjgH
b1923,fliC
b2549,yphG
b0851,nfsA
b3325,gspD
b1333,uspE
b1137,ymfD
b1126,potA
b1883,cheB
b0844,ybjI
b2053,gmd
b1541,ydfZ
b1378,ydbK
b3115,tdcD
b1345,intR
b4074,nrfE
b3307,rpsN
b2023,hisH
b1058,yceO
b3482,rhsB
b4190,yjfP
b0938,elfA
b1019,efeB
b1822,rlmA
b2440,eutC
b3140,agaD
b0590,fepD
b2376,ypdI
b3060,ttdR
b3358,yhfK
b3476,nikA
b1679,sufE
b2280,nuoJ
b4288,fecD
b2018,hisL
b2605,yfiB
b0215,dnaQ
b1370,insH-5
b3832,rmuC
b0853,ybjN
b2844,yqeF
b1532,marB
b1925,fliS
b3041,ribB
b1385,feaB
b3633,waaA
b1886,tar
b2485,hyfE
b1683,sufB
b1752,ydjZ
b0452,tesB
b0455,ffs
b1556,essQ
b3101,yqjF
b2021,hisC
b0210,yafE
b4011,yjaA
b4315,fimI
b4057,yjbR
b0948,rlmL
b1123,potD
b0441,ppiD
b0196,rcsF
b3683,glvC
b1102,fhuE
b0487,cueR
b2241,glpA
b1516,lsrB
b0427,yajR
b2468,aegA
b0424,yajL
b2006,yeeW
b3483,yhhH
b3896,yiiG
b1074,flgC
b2019,hisG
b2971,yghG
b0491,fetB
b0366,tauB
b3860,dsbA
b2121,yehP
b3807,cyaY
b2028,ugd
b0414,ribD
b1957,yodC
b1224,narG
b1412,azoR
b2442,intZ
b3968,rrsB
b3509,hdeB
b0071,leuD
b1864,yebC
b0943,ycbV
b2118,yehI
b2765,queD
b1414,ydcF
b4302,sgcA
b0854,potF
b0752,zitB
b3788,rffG
b2528,iscA
b1320,ycjW
b1920,tcyJ
b4243,ridA
b2482,hyfB
b0695,kdpD
b2631,rnlB
b1243,oppA
b3460,livJ
b2141,yohJ
b2063,yegH
b3216,yhcD
b1946,fliN
b1298,puuD
b3535,yhjR
b1879,flhA
b1438,hicB
b1662,ribC
b3561,wecH
b1682,sufC
b2274,yfbO
b3248,yhdE
b2990,hybG
b3231,rplM
b0889,lrp
b3376,yhfS
b1597,asr
b2660,lhgO
b4105,phnD
b2826,ppdA
b2244,rpnE
b3899,frvB
b3706,mnmE
b0857,potI
b0047,kefC
b0585,fes
b3632,waaQ
b2157,yeiE
b3200,lptA
b0485,glsA
b3605,lldD
b1311,ycjO
b2526,hscA
b0075,leuL
b3717,cbrC
b3537,bcsF
b4512,ybdD
b1083,flgL
b2438,eutK
b4204,yjfZ
b1823,cspC
b1882,cheY
b3812,yigB
b3791,wecE
b0812,dps
b2545,yphC
b2086,yegS
b2276,nuoN
b1089,rpmF
b0584,fepA
b0073,leuB
b3810,yigA
b3511,hdeD
b4685,yrbN
b1504,ydeS
b0468,ybaN
b2575,yfiC
b1312,ycjP
b3138,agaB
b2527,hscB
b0571,cusR
b0368,tauD
b3627,waaO
b3665,adeD
b2488,hyfH
b1600,mdtJ
b0289,ecpE
b0076,leuO
b3505,insH-11
b4717,micL
b4305,sgcX
b1077,flgF
b2471,yffB
b3660,yicL
b1947,fliO
b2452,eutH
b1895,uspC
b1681,sufD
b3625,waaY
b1277,ribA
b2834,tas
b0837,yliI
b3311,rpsQ
b0796,cecR
b0074,leuA
b4176,yjeT
b1953,yodD
b0448,mdlA
b3949,frwC
b1344,ttcA
b1605,ydgI
b0679,nagE
b3414,nfuA
b2038,rfbC
b1341,dgcM
b2247,rhmD
b1226,narJ
b4399,creC
b1967,hchA
b0072,leuC
b0228,rayT
b4554,yibT
b0325,yahK
b1956,dgcQ
b0831,gsiC
b0012,mbiA
b2441,eutB
b1218,chaC
b2951,yggS
b1684,sufA
b3787,wecC
b0775,bioB
b3833,ubiE
b3885,yihX
b3759,rrfC
b1994,insH-6
b3458,livK
b0817,mntR
b4269,ahr
b3029,ygiN
b0648,ybeU
b3927,glpF
b2812,tcdA
b4721,ytiD
b2455,eutE
b1129,phoQ
b4565,sgcB
b2214,ftp
b3620,waaF
b1789,yeaL
b3982,nusG
b3892,fdoI
b0473,htpG
b1761,gdhA
b4272,insC-6
b4621,yjbS
b0916,ycaQ
b2298,yfcC
b0498,ybbC
b2305,rpnB
b1025,dgcT
b3211,yhcC
b2204,napH
b0179,lpxD
b2550,yphH
b2461,eutP
b4189,bsmA
b0655,gltI
b4007,rrsE
b1168,pdeG
b3465,rsmD
b0631,ybeD
b0011,yaaW
b0770,ybhI
b1982,amn
b4658,yghX
b0776,bioF
b2387,fryB
b1124,potC
b2208,napF
b3630,waaP
b1791,nimT
b3363,ppiA
b3116,tdcC
b2508,guaB
b0652,gltL
b3872,yihL
b0264,insB-2
b1520,yneE
b3331,gspJ
b4728,yadW
b3527,yhjJ
b0365,tauA
b1892,flhD
b0132,rpnC
b0774,bioA
b4182,yjfJ
b1098,tmk
b2030,insH-7
b3790,rffC
b1853,yebK
b3162,deaD
b3861,yihF
b2260,menE
b1753,ynjA
b1275,cysB
b4131,cadA
b0019,nhaA
b0082,rsmH
b0488,ybbJ
b3682,glvB
b0037,caiC
b1015,putP
b2041,rfbB
b0650,hscC
b2493,yfgO
b2997,hybO
b2207,napD
b2421,cysM
b2143,cdd
b1832,msrC
b4745,yncO
b2602,yfiL
b4058,uvrA
b1297,puuA
b1922,fliA
b3943,yijE
b0778,bioD
b2234,nrdA
b3628,waaB
b3313,rplP
b2981,yghO
b4068,yjcH
b2270,yfbK
b0902,pflA
b2960,trmI
b1493,gadB
b0804,ybiX
b2414,cysK
b4195,ulaC
b0856,potH
b1607,ydgC
b2395,pdeA
b0159,mtn
b3794,rffM
b2246,yfaV
b1422,ydcI
b4526,ydaE
b3002,yqhA
b0492,cnoX
b0275,insA-3
b0973,hyaB
b3607,cysE
b4548,ypjJ
b0874,lysO
b2437,eutR
b1073,flgB
b2513,yfgM
b2027,wzzB
b1861,ruvA
b3973,birA
b2675,nrdE
b3848,yigZ
b3504,yhiS
b0911,rpsA
b1466,narW
b3406,greB
b1026,insF-4
b0004,thrC
b1826,mgrB
b3487,yhiI
b3856,mobB
b0400,phoR
b2833,ygdR
b1269,rluB
b0985,gfcC
b2451,eutA
b0681,chiP
b3709,tnaB
b0182,lpxB
b4382,deoA
b1969,hprR
b2712,hypF
b1609,rstB
b0003,thrB
b3800,aslB
b2192,insH-8
b0390,aroM
b3377,yhfT
b4615,yibV
b1741,cho
b1481,bdm
b0320,yahF
b0799,dinG
b1593,ynfK
b2064,asmA
b2529,iscU
b4177,purA
b3598,yibI
b3895,fdhD
b1300,puuC
b3296,rpsD
b1450,mcbR
b2861,insC-4
b1801,yeaV
b4385,yjjJ
b3014,yqhH
b3088,alx
b2113,mrp
b2454,eutJ
b1409,ynbB
b1807,tsaB
b2512,bamB
b4393,trpR
b1319,ompG
b4481,rffT
b0337,codA
b2869,ygeV
b0723,sdhA
b2786,barA
b1261,trpB
b0999,cbpM
b0858,ybjO
b2142,yohK
b0707,ybgA
b2521,sseA
b0419,yajO
b1488,ddpX
b1945,fliM
b4727,yacM
b2039,rfbA
b1281,pyrF
b1848,yebG
b0777,bioC
b3492,yhiN
b0430,cyoC
b0023,rpsT
b0412,yajI
b3071,nfeR
b1264,trpE
b3070,nfeF
b3220,yhcG
b3459,panZ
b3875,ompL
b1648,ydhL
b3282,tsaC
b4179,rnr
b0945,pyrD
b2231,gyrA
b3621,waaC
b0407,yajC
b2065,dcd
b0722,sdhD
b2370,evgS
b0604,dsbG
b1704,aroH
b1171,ymgD
b3120,yhaB
b0360,insC-1
b1115,ycfT
b4744,ynaM
b1076,flgE
b0060,polB
b2668,ygaP
b3412,bioH
b3123,rnpB
b3055,ygiM
b3786,wecB
b3640,dut
b2133,dld
b2127,mlrA
b2588,rrfG
b3045,insD-5
b4673,ymjD
b0152,fhuD
b4047,yjbL
b3442,yhhZ
b1260,trpA
b0739,tolA
b2318,truA
b1802,yeaW
b0898,ycaD
b2035,wbbH
b3164,pnp
b0929,ompF
b3648,gmk
b3783,rho
b3143,yraI
b2232,ubiG
b1263,trpD
b3710,mdtL
b1432,insQ
b3723,bglG
b3003,yghA
b0624,crcB
b4743,ynaL
b2630,rnlA
b4618,tisB
b1786,dgcJ
b2983,yghQ
b3742,mioC
b2803,fucK
b2066,udk
b0096,lpxC
b1109,ndh
b4547,ypfN
b0294,ecpR
b3272,rrfF
b4711,insH21
b1265,trpL
b4703,pmrR
b4222,ytfP
b4290,fecB
b0345,lacI
b2536,hcaT
b3166,truB
b2567,rnc
b4140,fxsA
b3631,waaG
b1817,manX
b3035,tolC
b0474,adk
b1274,topA
b3876,yihO
b0431,cyoB
b2110,yehC
b0373,insE-2
b1262,trpC
b1668,ydhS
b4332,yjiJ
b1188,ycgB
b2415,ptsH
b3011,yqhD
b0319,yahE
b1890,motA
b3996,nudC
b0214,rnhA
b3229,sspA
b4059,ssb
b3789,rffH
b3669,uhpA
b2507,guaA
b4612,yrhD
b0721,sdhC
b3984,rplA
b1403,insC-2
b1649,nemR
b0588,fepC
b3688,yidQ
b0591,entS
b3772,ilvA
b0904,focA
b4022,rluF
b2384,ypdE
b2867,xdhB
b3720,bglH
b3643,rph
b3823,rhtC
b3681,glvG
b2040,rfbD
b0629,ybeF
b0428,cyoE
b2162,rihB
b2195,ccmG
b3445,insB-6
b1776,ydjL
b3766,ilvL
b2524,iscX
b3999,yjaG
b4085,alsE
b1959,yedA
b4706,iroK
b0848,ybjM
b2866,xdhA
b1939,fliG
b1061,dinI
b2573,rpoE
b3629,waaS
b1286,rnb
b3568,xylH
b4726,yabR
b0469,apt
b0239,frsA
b4212,ytfH
b3771,ilvD
b0251,yafY
b3091,uxaA
b2606,rplS
b0490,fetA
b0385,dgcC
b2135,yohC
b1871,cmoB
b2881,xdhD
b2737,ygbK
b1024,pgaA
b4111,proP
b3566,xylF
b2268,rbn
b4040,ubiA
b2518,ndk
b1954,dsrA
b0944,ycbF
b4240,treB
b2071,yegJ
b0022,insA-1
b1977,asnT
b1315,ycjS
b2410,yfeH
b4374,yjjG
b3554,yiaF
b0077,ilvI
b4583,phnE
b1167,ymgC
b0303,rclB
b1079,flgH
b1183,umuD
b3995,rsd
b0611,rna
b0181,lpxA
b1800,dmlA
b0030,rihC
b4742,ymjE
b3341,rpsG
b3181,greA
b1894,insA-5
b0432,cyoA
b3773,ilvY
b0532,sfmD
b1902,ftnB
b1110,ycfJ
b3371,frlB
b2560,pgpC
b3345,tusD
b2868,xdhC
b1451,yncD
b2900,yqfB
b3754,hsrA
b1084,rne
b4163,glyV
b0125,hpt
b0724,sdhB
b3473,yhhS
b2702,srlA
b3558,insK
b2347,yfdC
b3626,waaJ
b3774,ilvC
b1035,ycdY
b4518,ymdF
b2296,ackA
b3324,gspC
b1178,pliG
b1428,ydcK
b3022,mqsR
b1951,rcsA
b4347,symE
b3461,rpoH
b3704,rnpA
b1736,chbA
b3934,cytR
b4606,ypfM
b0429,cyoD
b2597,raiA
b0623,cspE
b0078,ilvH
b0834,dgcI
b0151,fhuC
b4704,arrS
b2805,fucR
b3593,rhsA
b0143,pcnB
b3824,rhtB
b3877,yihP
b3623,waaU
b2215,ompC
b1652,rnt
b0910,cmk
b4209,ytfE
b1909,leuZ
b0116,lpd
b1859,znuB
b2311,ubiX
b0656,insH-3
b2659,csiD
b3670,ilvN
b3236,mdh
b3685,yidE
b2520,yfhM
b3813,uvrD
b3751,rbsB
b1266,yciV
b3067,rpoD
b1888,cheA
b2407,xapA
b1647,ydhF
b3426,glpD
b3784,rfe
b0483,ybaQ
b1997,insC-3
b0317,yahC
b3970,rrlB
b3671,ilvB
b1036,ycdZ
b4291,fecA
b3666,uhpT
b4595,yciY
b1256,ompW
b3099,yqjE
b2183,rsuA
b3780,rhlB
b2196,ccmF
b3624,waaZ
b4381,deoC
b4114,eptA
b1975,serU
b0112,aroP
b3571,malS
b3672,ivbL
b3349,slyD
b4278,insG
b0387,yaiI
b3880,yihS
b2907,ubiH
b0308,ykgG
b2184,radD
b1774,ydjJ
b0162,cdaR
b0685,ybfE
b3603,lldP
b1804,rnd
b3835,ubiB
b0843,ybjH
b1790,nimR
b1885,tap
b2498,upp
b3769,ilvM
b1449,curA
b3185,rpmA
b1905,ftnA
b0718,ybgQ
b2836,aas
b3582,sgbU
b0444,queC
b1765,ydjA
b0183,rnhB
b2828,lgt
b3127,garP
b3604,lldR
b0160,dgt
b0283,paoD
b1377,ompN
b0274,insB-3
b0940,elfC
b4265,idnT
b0523,purE
b2402,valX
b0186,ldcC
b3013,yqhG
b2062,wza
b2954,rdgB
b4043,lexA
b4396,rob
b2016,yeeZ
b1165,ymgA
b3319,rplD
b1389,paaB
b1851,edd
b4357,lgoR
b3283,yrdD
b0988,insB-4
b0522,purK
b1688,ydiK
b0178,skp
b1202,ycgV
b4287,fecE
b1623,add
b2011,sbcB
b2429,murP
b3698,yidB
b2474,tmcA
b2721,hycE
b2089,insF-5
b2500,purN
b0238,gpt
b3267,yhdV
b0175,cdsA
b4235,pmbA
b1769,ydjE
b1582,ynfA
b3327,gspF
b4479,dgoR
b2538,hcaE
b3760,aspT
b0241,phoE
b1913,uvrC
b2345,yfdF
b0398,sbcD
b4458,oxyS
b4597,rydC
b3702,dnaA
b0063,araB
b1420,mokB
b2698,recX
b1238,tdk
b4158,yjeO
b3318,rplW
b1241,adhE
b3169,nusA
b2860,insD-4
b1811,yoaH
b0592,fepB
b1849,purT
b0053,surA
b1780,yeaD
b2856,ygeL
b2049,cpsB
b4345,mcrC
b0155,clcA
b4279,yjhB
b4180,rlmB
b4165,glyY
b0757,galK
b4234,yjgA
b4294,insA-7
b0049,apaH
b2718,hycH
b4005,purD
b1000,cbpA
b3089,sstT
b2199,ccmC
b1620,malI
b2223,atoE
b1573,ydfC
b2616,recN
b0050,apaG
b2822,recC
b0683,fur
b4282,yjhE
b4462,ygaQ
b1874,cutC
b0301,rclC
b2970,yghF
b4556,ysdC
b4236,cybC
b4573,insZ
b4632,ylbI
b1437,b1437
b4653,yicT
b0079,fruL
b4250,b4250
b4503,yafF
b3595,yibJ
b2650,ypjC
b2855,ygeK
b0539,exoD
b4648,ysaC
b0701,b0701
b3534,bcsQ
b4571,wbbL
b0230,lafU
b4640,yoeG
b4552,yrhC
b4579,yaiX
b0542,renD
b2238,yfaH
b4038,yjbI
b0297,eaeH
b4448,sraF
b4607,ryfB
b4492,ydbA
b4274,yjgW
b4591,ybhU
b4634,aaaD
b2083,yegZ
b0725,b0725
b1470,yddJ
b4708,insI2
b4575,yjgX
b4491,ycgH
b4628,ykfK
b4647,mokA
b1157,stfE
b4281,yjhD
b4641,yoeH
b0499,ylbH
b4505,insX
b2969,yghE
b4434,isrB
b4633,xisD
b0609,b0609
b0370,ykiB
b4617,tisA
b1052,b1052
b0309,b0309
b0105,b0105
b0816,yliL
b0165,b0165
b4652,yibU
b3046,yqiG
b1005,ycdF
b0236,prfH
b4697,yrdF
b2854,pbl
b0553,nmpC
b1999,yeeP
b1152,jayE
b4496,yedS
b4623,insO
b0229,lfhA
b4494,arpB
b0392,ykiA
b2139,mdtQ
b4543,ypaA
b3007,b3007
b0538,b0538
b0017,b0017
b0100,b0100
b3004,b3004
b1367,b1367
b2651,b2651
b1354,b1354
b2596,b2596
b1364,b1364
b4247,b4247
b2084,b2084
b3254,b3254
b2191,b2191
b3268,yhdW
b4205,ytfA
b4576,insB-7
b1459,yncI
b4497,yeeL
b2648,pinH
b4660,yhiL
b1936,intG
b4646,yrdE
b4642,yoeD
b4627,ykfL
b4486,yjiV
b2915,yqfE
b4500,yfaS
b4493,gapC
b3777,yifN
b3975,b3975
b1903,b1903
b4630,ykgP
b2653,b2653
b1425,b1425
b4657,yjhZ
b4651,yibW
b4519,icdC
b4614,sokA
b3135,agaA
b1028,ymdE
b1577,ydfE
b4488,ilvG
b4286,yjhV
b0218,yafU
b1456,rhsE
b4645,psaA
b0300,ykgA
b4696,yneO
b4650,yibS
b4643,pawZ
b4661,yfcU
b4582,yoeA
b4508,peaD
b2641,yfjV
b4271,intB
b1362,rzpR
b1579,intQ
b4626,ykfN
b2681,ygaY
b4495,yedN
b4656,yjhY
b4580,yaiT
b4693,aaaE
b4587,insN
b4638,ttcC
b2092,gatC
b0691,ybfG
b4644,ypjI
b2862,ygeP
b4521,ycgI
b3443,yrhA
b2190,yejO
b1318,ycjV
b0263,afuB
b0705,ybfL
b4636,ybfI
b2850,ygeF
b4561,insM
b4578,yncK
b2355,yfdL
b4654,yjdQ
b0562,ybcY
b2858,ygeN
b3423,glpR
b1578,insD-7
b4498,gatR
b0703,ybfO
b4649,ysaD
b4499,yehH
b0235,ykfJ
b4524,ymjB
b4308,yjhR
b4631,ykgQ
