,hyptfs
0,abgr
1,yahb
2,ybii
3,ynej
4,ygev
5,ygfi
6,yihl
7,chps
8,sfsa
9,yeat
10,yjjm
11,yebk
12, 
13,ydjf
14,yeey
15,ygjm
16,ygit
17,yjgj
18,hha
19,ycan
20,ydia
21,yfer
22,ygbi
23,yggd
24,yhaj
25,yidz
26,
27,crl
28,dicc
29,sfsb
30,ybcl
31,ybcm
32,ybef
33,ybhd
34,ydas
35,yddm
36,ynfl
37,ydhb
38,yfhh
39,yqeh
40, 
41,yhjb
42,yjhi
43,yjjq
44,yjjj
45,ogrk
46,ypdc
47,eutr
48,yphh
49,csph
50,cspg
51,ydfh
52,ybao
53,
54,cspd
55,dctr
56,yhjc
57,yiag
58,yjdc
59,ybaq
60,ycit
61,rodz
62,yafc
63,ybih
64,pspc
65,yeie
66,yiep
67,ytfh
68,yijo
69,ybdo
70,cspe
71,ymfl
72,ydip
73,hyca
74,yqei
75,ygeh
76,yidl
77,yidp
78,phnf
79,frvr
80,
81,fimz sgcr
82,slma
83,dgor 
84,yagi
85,ybfe
86,cspi
87,cspb
88,cspf
89,cnu
90, 
91,yafn
92,ycjw
93,ydcq
94,ydcr
95,yeii
96,yfie
97,yiau
98,yihw
99,yjhu
100,yjir
101,frlr 
